{
  "ab3df737-0aa7-40d3-86a0-978c3e7a2fe2": {
    "url": "db://assets/main.scene",
    "value": {}
  },
  "4fe14320-c2ed-4bf8-90a5-45224eec8a15": {
    "url": "db://assets/game.scene",
    "value": {}
  },
  "340da5f6-1086-4b55-86b5-a7f13d8e2c06": {
    "url": "db://assets/src",
    "value": {}
  },
  "e7e343b8-59bf-4e99-b58b-71307ee3d036": {
    "url": "db://assets/src/GoToSceneHelper.ts",
    "value": {}
  },
  "66f4ab76-a343-404d-9638-3595d2874321": {
    "url": "db://assets/src/GameViewCtl.ts",
    "value": {}
  },
  "bd3017e0-0885-4576-84c7-ed137ee216fb": {
    "url": "db://assets/src/ResultViewCtl.ts",
    "value": {}
  },
  "9be0b6d7-f312-47cd-89ef-c1728cfdbe87": {
    "url": "db://assets/res",
    "value": {}
  },
  "aa94d10e-2a9a-4ce7-be4e-feb169400570": {
    "url": "db://assets/res/prefab",
    "value": {}
  },
  "7b338c6b-394e-4028-9230-27bc0b7c2f9b": {
    "url": "db://assets/res/prefab/resultView.prefab",
    "value": {}
  },
  "480632c8-5503-4b75-9b92-8938e3625758": {
    "url": "db://assets/src/GameMgr.ts",
    "value": {}
  },
  "91fde69e-a5db-4833-a405-664e4e6ec198": {
    "url": "db://assets/res/prefab/brick0.prefab",
    "value": {}
  },
  "6196e9e3-8037-493b-a089-c44bfdd65856": {
    "url": "db://assets/res/prefab/role.prefab",
    "value": {}
  },
  "fa38ae8f-9816-4570-9cc4-8d268cffdf70": {
    "url": "db://assets/src/EventDefine.ts",
    "value": {}
  },
  "644bf3c2-2749-4bd8-be2f-baeee4ff1eec": {
    "url": "db://assets/src/GameConst.ts",
    "value": {}
  }
}
