{
  "C:\\Users\\Rog\\Desktop\\JumpOneJump\\assets\\main.scene.meta": {
    "time": 1656725856311.3472
  },
  "C:\\Users\\Rog\\Desktop\\JumpOneJump\\assets\\main.scene": {
    "time": 1656736556307.5242,
    "uuid": "ab3df737-0aa7-40d3-86a0-978c3e7a2fe2",
    "missing": false
  },
  "C:\\Users\\Rog\\Desktop\\JumpOneJump\\assets\\game.scene.meta": {
    "time": 1656725893628.2622
  },
  "C:\\Users\\Rog\\Desktop\\JumpOneJump\\assets\\game.scene": {
    "time": 1656812600505.365,
    "uuid": "4fe14320-c2ed-4bf8-90a5-45224eec8a15",
    "missing": false
  },
  "C:\\Users\\Rog\\Desktop\\JumpOneJump\\assets\\src.meta": {
    "time": 1656735785268.1436
  },
  "C:\\Users\\Rog\\Desktop\\JumpOneJump\\assets\\src": {
    "time": 1656810225085.6763,
    "uuid": "340da5f6-1086-4b55-86b5-a7f13d8e2c06",
    "missing": false
  },
  "C:\\Users\\Rog\\Desktop\\JumpOneJump\\assets\\src\\GoToSceneHelper.ts.meta": {
    "time": 1656735821091.085
  },
  "C:\\Users\\Rog\\Desktop\\JumpOneJump\\assets\\src\\GoToSceneHelper.ts": {
    "time": 1656735839386.8103,
    "uuid": "e7e343b8-59bf-4e99-b58b-71307ee3d036",
    "missing": false
  },
  "C:\\Users\\Rog\\Desktop\\JumpOneJump\\assets\\src\\GameViewCtl.ts.meta": {
    "time": 1656736843923.3896
  },
  "C:\\Users\\Rog\\Desktop\\JumpOneJump\\assets\\src\\GameViewCtl.ts": {
    "time": 1656749458261.2378,
    "uuid": "66f4ab76-a343-404d-9638-3595d2874321",
    "missing": false
  },
  "C:\\Users\\Rog\\Desktop\\JumpOneJump\\assets\\src\\ResultViewCtl.ts.meta": {
    "time": 1656736976200.9985
  },
  "C:\\Users\\Rog\\Desktop\\JumpOneJump\\assets\\src\\ResultViewCtl.ts": {
    "time": 1656746610632.7146,
    "uuid": "bd3017e0-0885-4576-84c7-ed137ee216fb",
    "missing": false
  },
  "C:\\Users\\Rog\\Desktop\\JumpOneJump\\assets\\res.meta": {
    "time": 1656738394945.3647
  },
  "C:\\Users\\Rog\\Desktop\\JumpOneJump\\assets\\res": {
    "time": 1656744234665.7866,
    "uuid": "9be0b6d7-f312-47cd-89ef-c1728cfdbe87",
    "missing": false
  },
  "C:\\Users\\Rog\\Desktop\\JumpOneJump\\assets\\res\\prefab.meta": {
    "time": 1656738435491.5005
  },
  "C:\\Users\\Rog\\Desktop\\JumpOneJump\\assets\\res\\prefab": {
    "time": 1656745554459.493,
    "uuid": "aa94d10e-2a9a-4ce7-be4e-feb169400570",
    "missing": false
  },
  "C:\\Users\\Rog\\Desktop\\JumpOneJump\\assets\\src\\GameMgr.ts.meta": {
    "time": 1656742889564.4377
  },
  "C:\\Users\\Rog\\Desktop\\JumpOneJump\\assets\\src\\GameMgr.ts": {
    "time": 1656812597882.0308,
    "uuid": "480632c8-5503-4b75-9b92-8938e3625758",
    "missing": false
  },
  "C:\\Users\\Rog\\Desktop\\JumpOneJump\\assets\\res\\prefab\\brick0.prefab.meta": {
    "time": 1656744221585.1758
  },
  "C:\\Users\\Rog\\Desktop\\JumpOneJump\\assets\\res\\prefab\\brick0.prefab": {
    "time": 1656744221583.1833,
    "uuid": "91fde69e-a5db-4833-a405-664e4e6ec198",
    "missing": false
  },
  "C:\\Users\\Rog\\Desktop\\JumpOneJump\\assets\\res\\prefab\\resultView.prefab.meta": {
    "time": 1656738449443.8438
  },
  "C:\\Users\\Rog\\Desktop\\JumpOneJump\\assets\\res\\prefab\\resultView.prefab": {
    "time": 1656738449442.8428,
    "uuid": "7b338c6b-394e-4028-9230-27bc0b7c2f9b",
    "missing": false
  },
  "C:\\Users\\Rog\\Desktop\\JumpOneJump\\assets\\res\\prefab\\role.prefab.meta": {
    "time": 1656745554466.4702
  },
  "C:\\Users\\Rog\\Desktop\\JumpOneJump\\assets\\res\\prefab\\role.prefab": {
    "time": 1656809981956.1194,
    "uuid": "6196e9e3-8037-493b-a089-c44bfdd65856",
    "missing": false
  },
  "C:\\Users\\Rog\\Desktop\\JumpOneJump\\assets\\src\\EventDefine.ts.meta": {
    "time": 1656746579011.8706
  },
  "C:\\Users\\Rog\\Desktop\\JumpOneJump\\assets\\src\\EventDefine.ts": {
    "time": 1656746824852.844,
    "uuid": "fa38ae8f-9816-4570-9cc4-8d268cffdf70",
    "missing": false
  },
  "C:\\Users\\Rog\\Desktop\\JumpOneJump\\assets\\src\\GameConst.ts.meta": {
    "time": 1656810225089.663
  },
  "C:\\Users\\Rog\\Desktop\\JumpOneJump\\assets\\src\\GameConst.ts": {
    "time": 1656810600721.7644,
    "uuid": "644bf3c2-2749-4bd8-be2f-baeee4ff1eec",
    "missing": false
  }
}
