{
  "imports": {
    "cce:/internal/x/cc": "./chunks/d0/d0b282b9748ef7fc7d2e7bd647d71b0f7e84da53.js",
    "cce:/internal/x/prerequisite-imports": "./chunks/07/07fb1dcca2f4fad0c5a0bf7f0aa6ba570dd5ef4e.js",
    "file:///C:/Users/Rog/Desktop/JumpOneJump/assets/src/EventDefine.ts": "./chunks/7b/7bcca37dec6392c6ad60eb3425b6fcd041400d2e.js",
    "file:///C:/Users/Rog/Desktop/JumpOneJump/assets/src/GameConst.ts": "./chunks/28/2807fb56b570288d20353a55a8cfb08fd20f8e83.js",
    "file:///C:/Users/Rog/Desktop/JumpOneJump/assets/src/GameMgr.ts": "./chunks/a9/a9b5be3b6561d8366096a4183e6ea7065bc943d3.js",
    "file:///C:/Users/Rog/Desktop/JumpOneJump/assets/src/GameViewCtl.ts": "./chunks/4e/4e678ecfb5dbe458b5e11fd0dbae809e35592b3f.js",
    "file:///C:/Users/Rog/Desktop/JumpOneJump/assets/src/GoToSceneHelper.ts": "./chunks/4b/4bb3aa6b7ae92bea919aec4f13ea9f60f00f0bbb.js",
    "file:///C:/Users/Rog/Desktop/JumpOneJump/assets/src/ResultViewCtl.ts": "./chunks/b7/b7fe1e9c18f7ca0ab7a7f8bf74d89263868597cf.js"
  },
  "scopes": {
    "./chunks/d0/d0b282b9748ef7fc7d2e7bd647d71b0f7e84da53.js": {
      "__unresolved_0": "cce:/internal/x/cc-fu/2d",
      "__unresolved_1": "cce:/internal/x/cc-fu/3d",
      "__unresolved_10": "cce:/internal/x/cc-fu/particle-2d",
      "__unresolved_11": "cce:/internal/x/cc-fu/physics-2d-box2d",
      "__unresolved_12": "cce:/internal/x/cc-fu/physics-2d-framework",
      "__unresolved_13": "cce:/internal/x/cc-fu/physics-ammo",
      "__unresolved_14": "cce:/internal/x/cc-fu/physics-framework",
      "__unresolved_15": "cce:/internal/x/cc-fu/wait-for-ammo-instantiation",
      "__unresolved_16": "cce:/internal/x/cc-fu/primitive",
      "__unresolved_17": "cce:/internal/x/cc-fu/profiler",
      "__unresolved_18": "cce:/internal/x/cc-fu/skeletal-animation",
      "__unresolved_19": "cce:/internal/x/cc-fu/spine",
      "__unresolved_2": "cce:/internal/x/cc-fu/animation",
      "__unresolved_20": "cce:/internal/x/cc-fu/terrain",
      "__unresolved_21": "cce:/internal/x/cc-fu/tiled-map",
      "__unresolved_22": "cce:/internal/x/cc-fu/tween",
      "__unresolved_23": "cce:/internal/x/cc-fu/ui",
      "__unresolved_24": "cce:/internal/x/cc-fu/video",
      "__unresolved_25": "cce:/internal/x/cc-fu/webview",
      "__unresolved_3": "cce:/internal/x/cc-fu/audio",
      "__unresolved_4": "cce:/internal/x/cc-fu/base",
      "__unresolved_5": "cce:/internal/x/cc-fu/dragon-bones",
      "__unresolved_6": "cce:/internal/x/cc-fu/gfx-webgl",
      "__unresolved_7": "cce:/internal/x/cc-fu/gfx-webgl2",
      "__unresolved_8": "cce:/internal/x/cc-fu/intersection-2d",
      "__unresolved_9": "cce:/internal/x/cc-fu/particle"
    },
    "./chunks/07/07fb1dcca2f4fad0c5a0bf7f0aa6ba570dd5ef4e.js": {
      "__unresolved_0": "./chunks/7b/7bcca37dec6392c6ad60eb3425b6fcd041400d2e.js",
      "__unresolved_1": "./chunks/28/2807fb56b570288d20353a55a8cfb08fd20f8e83.js",
      "__unresolved_2": "./chunks/a9/a9b5be3b6561d8366096a4183e6ea7065bc943d3.js",
      "__unresolved_3": "./chunks/4e/4e678ecfb5dbe458b5e11fd0dbae809e35592b3f.js",
      "__unresolved_4": "./chunks/4b/4bb3aa6b7ae92bea919aec4f13ea9f60f00f0bbb.js",
      "__unresolved_5": "./chunks/b7/b7fe1e9c18f7ca0ab7a7f8bf74d89263868597cf.js"
    },
    "./chunks/b7/b7fe1e9c18f7ca0ab7a7f8bf74d89263868597cf.js": {
      "cc": "./chunks/d0/d0b282b9748ef7fc7d2e7bd647d71b0f7e84da53.js"
    },
    "./chunks/4b/4bb3aa6b7ae92bea919aec4f13ea9f60f00f0bbb.js": {
      "cc": "./chunks/d0/d0b282b9748ef7fc7d2e7bd647d71b0f7e84da53.js"
    },
    "./chunks/4e/4e678ecfb5dbe458b5e11fd0dbae809e35592b3f.js": {
      "__unresolved_0": "./chunks/3a/3a1fd7b13056478820ebedd306d3446d1aa408cc.js",
      "__unresolved_1": "./chunks/7b/7bcca37dec6392c6ad60eb3425b6fcd041400d2e.js",
      "cc": "./chunks/d0/d0b282b9748ef7fc7d2e7bd647d71b0f7e84da53.js"
    },
    "./chunks/7b/7bcca37dec6392c6ad60eb3425b6fcd041400d2e.js": {
      "cc": "./chunks/d0/d0b282b9748ef7fc7d2e7bd647d71b0f7e84da53.js"
    },
    "./chunks/a9/a9b5be3b6561d8366096a4183e6ea7065bc943d3.js": {
      "__unresolved_0": "./chunks/3a/3a1fd7b13056478820ebedd306d3446d1aa408cc.js",
      "__unresolved_1": "./chunks/7b/7bcca37dec6392c6ad60eb3425b6fcd041400d2e.js",
      "__unresolved_2": "./chunks/4e/4e678ecfb5dbe458b5e11fd0dbae809e35592b3f.js",
      "cc": "./chunks/d0/d0b282b9748ef7fc7d2e7bd647d71b0f7e84da53.js"
    },
    "./chunks/28/2807fb56b570288d20353a55a8cfb08fd20f8e83.js": {
      "cc": "./chunks/d0/d0b282b9748ef7fc7d2e7bd647d71b0f7e84da53.js"
    }
  }
}
