{
  "imports": {
    "cce:/internal/x/cc": "./chunks/06/06905a76530cf57ee019d9d8bcfb507c2d037fd3.js",
    "cce:/internal/x/prerequisite-imports": "./chunks/f2/f24891e8e38a2f9a13966f6e3cf69b2dabd1888a.js",
    "file:///C:/Users/Rog/Desktop/JumpOneJump/assets/src/EventDefine.ts": "./chunks/7b/7bcca37dec6392c6ad60eb3425b6fcd041400d2e.js",
    "file:///C:/Users/Rog/Desktop/JumpOneJump/assets/src/GameConst.ts": "./chunks/28/2807fb56b570288d20353a55a8cfb08fd20f8e83.js",
    "file:///C:/Users/Rog/Desktop/JumpOneJump/assets/src/GameMgr.ts": "./chunks/9f/9f3f2136ed5ef6ef179e76fcc0dc247e3d5a3019.js",
    "file:///C:/Users/Rog/Desktop/JumpOneJump/assets/src/GameViewCtl.ts": "./chunks/23/23b01421f7ea9b5e191a12dcd737124b7571a153.js",
    "file:///C:/Users/Rog/Desktop/JumpOneJump/assets/src/GoToSceneHelper.ts": "./chunks/4b/4bb3aa6b7ae92bea919aec4f13ea9f60f00f0bbb.js",
    "file:///C:/Users/Rog/Desktop/JumpOneJump/assets/src/ResultViewCtl.ts": "./chunks/b7/b7fe1e9c18f7ca0ab7a7f8bf74d89263868597cf.js"
  },
  "scopes": {
    "./chunks/06/06905a76530cf57ee019d9d8bcfb507c2d037fd3.js": {
      "__unresolved_0": "cce:/internal/x/cc-fu/base",
      "__unresolved_1": "cce:/internal/x/cc-fu/gfx-webgl",
      "__unresolved_10": "cce:/internal/x/cc-fu/physics-framework",
      "__unresolved_11": "cce:/internal/x/cc-fu/physics-2d-framework",
      "__unresolved_12": "cce:/internal/x/cc-fu/intersection-2d",
      "__unresolved_13": "cce:/internal/x/cc-fu/primitive",
      "__unresolved_14": "cce:/internal/x/cc-fu/profiler",
      "__unresolved_15": "cce:/internal/x/cc-fu/audio",
      "__unresolved_16": "cce:/internal/x/cc-fu/video",
      "__unresolved_17": "cce:/internal/x/cc-fu/terrain",
      "__unresolved_18": "cce:/internal/x/cc-fu/webview",
      "__unresolved_19": "cce:/internal/x/cc-fu/tween",
      "__unresolved_2": "cce:/internal/x/cc-fu/gfx-webgl2",
      "__unresolved_20": "cce:/internal/x/cc-fu/tiled-map",
      "__unresolved_21": "cce:/internal/x/cc-fu/spine",
      "__unresolved_22": "cce:/internal/x/cc-fu/dragon-bones",
      "__unresolved_3": "cce:/internal/x/cc-fu/3d",
      "__unresolved_4": "cce:/internal/x/cc-fu/animation",
      "__unresolved_5": "cce:/internal/x/cc-fu/skeletal-animation",
      "__unresolved_6": "cce:/internal/x/cc-fu/2d",
      "__unresolved_7": "cce:/internal/x/cc-fu/ui",
      "__unresolved_8": "cce:/internal/x/cc-fu/particle",
      "__unresolved_9": "cce:/internal/x/cc-fu/particle-2d"
    },
    "./chunks/f2/f24891e8e38a2f9a13966f6e3cf69b2dabd1888a.js": {
      "__unresolved_0": "./chunks/7b/7bcca37dec6392c6ad60eb3425b6fcd041400d2e.js",
      "__unresolved_1": "./chunks/28/2807fb56b570288d20353a55a8cfb08fd20f8e83.js",
      "__unresolved_2": "./chunks/9f/9f3f2136ed5ef6ef179e76fcc0dc247e3d5a3019.js",
      "__unresolved_3": "./chunks/23/23b01421f7ea9b5e191a12dcd737124b7571a153.js",
      "__unresolved_4": "./chunks/4b/4bb3aa6b7ae92bea919aec4f13ea9f60f00f0bbb.js",
      "__unresolved_5": "./chunks/b7/b7fe1e9c18f7ca0ab7a7f8bf74d89263868597cf.js"
    },
    "./chunks/b7/b7fe1e9c18f7ca0ab7a7f8bf74d89263868597cf.js": {
      "cc": "./chunks/06/06905a76530cf57ee019d9d8bcfb507c2d037fd3.js"
    },
    "./chunks/4b/4bb3aa6b7ae92bea919aec4f13ea9f60f00f0bbb.js": {
      "cc": "./chunks/06/06905a76530cf57ee019d9d8bcfb507c2d037fd3.js"
    },
    "./chunks/23/23b01421f7ea9b5e191a12dcd737124b7571a153.js": {
      "__unresolved_0": "./chunks/84/84741ad843cea9a440c5d8c2d379669b6551400d.js",
      "__unresolved_1": "./chunks/7b/7bcca37dec6392c6ad60eb3425b6fcd041400d2e.js",
      "cc": "./chunks/06/06905a76530cf57ee019d9d8bcfb507c2d037fd3.js"
    },
    "./chunks/7b/7bcca37dec6392c6ad60eb3425b6fcd041400d2e.js": {
      "cc": "./chunks/06/06905a76530cf57ee019d9d8bcfb507c2d037fd3.js"
    },
    "./chunks/9f/9f3f2136ed5ef6ef179e76fcc0dc247e3d5a3019.js": {
      "__unresolved_0": "./chunks/84/84741ad843cea9a440c5d8c2d379669b6551400d.js",
      "__unresolved_1": "./chunks/7b/7bcca37dec6392c6ad60eb3425b6fcd041400d2e.js",
      "__unresolved_2": "./chunks/23/23b01421f7ea9b5e191a12dcd737124b7571a153.js",
      "cc": "./chunks/06/06905a76530cf57ee019d9d8bcfb507c2d037fd3.js"
    },
    "./chunks/28/2807fb56b570288d20353a55a8cfb08fd20f8e83.js": {
      "cc": "./chunks/06/06905a76530cf57ee019d9d8bcfb507c2d037fd3.js"
    }
  }
}
