{
  "f46876e4-e81b-4931-b493-6d367be385e7": {
    "assetUuid": "f46876e4-e81b-4931-b493-6d367be385e7",
    "animationUuid": "",
    "expandLevels": [
      "0"
    ]
  },
  "ab3df737-0aa7-40d3-86a0-978c3e7a2fe2": {
    "assetUuid": "ab3df737-0aa7-40d3-86a0-978c3e7a2fe2",
    "animationUuid": "",
    "expandLevels": [
      "0",
      "0_2"
    ]
  },
  "4fe14320-c2ed-4bf8-90a5-45224eec8a15": {
    "assetUuid": "4fe14320-c2ed-4bf8-90a5-45224eec8a15",
    "animationUuid": "",
    "expandLevels": [
      "0",
      "0_2",
      "0_2_0",
      "0_2_2"
    ]
  },
  "7b338c6b-394e-4028-9230-27bc0b7c2f9b": {
    "assetUuid": "7b338c6b-394e-4028-9230-27bc0b7c2f9b",
    "animationUuid": "",
    "expandLevels": [
      "0"
    ]
  },
  "91fde69e-a5db-4833-a405-664e4e6ec198": {
    "assetUuid": "91fde69e-a5db-4833-a405-664e4e6ec198",
    "animationUuid": "",
    "expandLevels": [
      "0"
    ]
  },
  "6196e9e3-8037-493b-a089-c44bfdd65856": {
    "assetUuid": "6196e9e3-8037-493b-a089-c44bfdd65856",
    "animationUuid": "",
    "expandLevels": [
      "0",
      "0_0"
    ]
  }
}
